included_id	id	title	benchmark_label	benchmark_category	raw_benchmarks
I001	shinn2023reflexion	Reflexion: Language Agents with Verbal Reinforcement Learning	HumanEval	code_generation	AlfWorld, HotPotQA, HumanEval, MBPP, LeetcodeHardGym
I001	shinn2023reflexion	Reflexion: Language Agents with Verbal Reinforcement Learning	MBPP	code_generation	AlfWorld, HotPotQA, HumanEval, MBPP, LeetcodeHardGym
I001	shinn2023reflexion	Reflexion: Language Agents with Verbal Reinforcement Learning	LeetcodeHardGym	code_generation	AlfWorld, HotPotQA, HumanEval, MBPP, LeetcodeHardGym
I001	shinn2023reflexion	Reflexion: Language Agents with Verbal Reinforcement Learning	ALFWorld	web_agent	AlfWorld, HotPotQA, HumanEval, MBPP, LeetcodeHardGym
I001	shinn2023reflexion	Reflexion: Language Agents with Verbal Reinforcement Learning	HotPotQA	general_reasoning	AlfWorld, HotPotQA, HumanEval, MBPP, LeetcodeHardGym
I002	zelikman2024stop	Self-Taught Optimizer (STOP): Recursively Self-Improving Code Generation	STOP synthetic algorithmic tasks	code_optimization	Learning parity with noise; string grid distance; modular quadratic assignment; Maxcut; parity without noise; sandbox-bypass probe
I003	zhang2024agilegen	Empowering Agile-Based Generative Software Development through Human-AI Teamwork	SRDD	requirements_or_ui	50projects50days; SRDD; 30 website-application cases; 10 real user-created projects; 20 sampled SRDD projects
I003	zhang2024agilegen	Empowering Agile-Based Generative Software Development through Human-AI Teamwork	50projects50days	software_engineering	50projects50days; SRDD; 30 website-application cases; 10 real user-created projects; 20 sampled SRDD projects
I004	li2024falcon	FALCON: Feedback-driven Adaptive Long/short-term memory reinforced Coding OptimizatioN	HumanEval	code_generation	APPS, HumanEval, MBPP, CODAL-Bench
I004	li2024falcon	FALCON: Feedback-driven Adaptive Long/short-term memory reinforced Coding OptimizatioN	MBPP	code_generation	APPS, HumanEval, MBPP, CODAL-Bench
I004	li2024falcon	FALCON: Feedback-driven Adaptive Long/short-term memory reinforced Coding OptimizatioN	APPS	code_generation	APPS, HumanEval, MBPP, CODAL-Bench
I004	li2024falcon	FALCON: Feedback-driven Adaptive Long/short-term memory reinforced Coding OptimizatioN	CODAL-Bench	code_generation	APPS, HumanEval, MBPP, CODAL-Bench
I005	qian2024iterative	Iterative Experience Refinement of Software-Developing Agents	SRDD	requirements_or_ui	SRDD dataset (1200 descrições de requisitos de software, 40 categorias, dividido em 6 batches)
I006	lin2024evocoder	LLMs as Continuous Learners: Improving the Reproduction of Defective Code in Software Issues	SWE-bench Lite	software_engineering	SWE-bench Lite issue reproduction; issue-resolving evaluation with AutoCodeRover and Agentless
I007	wu2024sail	Skill-Adpative Imitation Learning for UI Test Reuse	SemFinder/CraftDroid	requirements_or_ui	104 UI test-migration cases from 35 popular Android apps; SemFinder dataset / CraftDroid-related evaluation subjects
I008	robeyns2025sica	A Self-Improving Coding Agent	SWE-bench Verified	software_engineering	SWE-Bench Verified subset, LiveCodeBench, synthetic file-editing benchmark, synthetic symbol-location benchmark
I008	robeyns2025sica	A Self-Improving Coding Agent	LiveCodeBench	code_generation	SWE-Bench Verified subset, LiveCodeBench, synthetic file-editing benchmark, synthetic symbol-location benchmark
I009	zhang2025accelopt	AccelOpt: A Self-Improving LLM Agentic System for AI Accelerator Kernel Optimization	NKIBench	code_optimization	NKIBench (14 kernels de workloads LLM reais em AWS Trainium 1 e 2)
I010	tang2025agentkb	Agent KB: Leveraging Cross-Domain Experience for Agentic Problem Solving	SWE-bench Lite	software_engineering	SWE-bench Lite, GAIA, Humanity's Last Exam Bio/Chem, GPQA
I010	tang2025agentkb	Agent KB: Leveraging Cross-Domain Experience for Agentic Problem Solving	GAIA	general_agent	SWE-bench Lite, GAIA, Humanity's Last Exam Bio/Chem, GPQA
I010	tang2025agentkb	Agent KB: Leveraging Cross-Domain Experience for Agentic Problem Solving	Humanity's Last Exam	general_reasoning	SWE-bench Lite, GAIA, Humanity's Last Exam Bio/Chem, GPQA
I010	tang2025agentkb	Agent KB: Leveraging Cross-Domain Experience for Agentic Problem Solving	GPQA	general_reasoning	SWE-bench Lite, GAIA, Humanity's Last Exam Bio/Chem, GPQA
I012	kong2025alphaopt	AlphaOPT: Formulating Optimization Programs with Self-Improving LLM Experience Library	NLP4LP	optimization_modeling	NLP4LP, NL4OPT, IndustryOR, MAMO/ComplexLP, LogiOR, OptiBench
I012	kong2025alphaopt	AlphaOPT: Formulating Optimization Programs with Self-Improving LLM Experience Library	NL4OPT	optimization_modeling	NLP4LP, NL4OPT, IndustryOR, MAMO/ComplexLP, LogiOR, OptiBench
I012	kong2025alphaopt	AlphaOPT: Formulating Optimization Programs with Self-Improving LLM Experience Library	IndustryOR	optimization_modeling	NLP4LP, NL4OPT, IndustryOR, MAMO/ComplexLP, LogiOR, OptiBench
I012	kong2025alphaopt	AlphaOPT: Formulating Optimization Programs with Self-Improving LLM Experience Library	MAMO/ComplexLP	optimization_modeling	NLP4LP, NL4OPT, IndustryOR, MAMO/ComplexLP, LogiOR, OptiBench
I012	kong2025alphaopt	AlphaOPT: Formulating Optimization Programs with Self-Improving LLM Experience Library	LogiOR	optimization_modeling	NLP4LP, NL4OPT, IndustryOR, MAMO/ComplexLP, LogiOR, OptiBench
I012	kong2025alphaopt	AlphaOPT: Formulating Optimization Programs with Self-Improving LLM Experience Library	OptiBench	optimization_modeling	NLP4LP, NL4OPT, IndustryOR, MAMO/ComplexLP, LogiOR, OptiBench
I013	yu2025satlution	Autonomous Code Evolution Meets NP-Completeness	SAT Competition	code_optimization	SAT Competition 2024 and SAT Competition 2025 benchmark instances
I015	jansen2025codedistiller	CodeDistiller: Automatically Generating Code Libraries for Scientific Coding Agents	Materials-science repositories	research_engineering	250 materials-science GitHub repositories; 50-repository domain-expert validation subset; 60 downstream materials-science tasks from 12 repositories
I016	wong2025confucius	Confucius Code Agent: Scalable Agent Scaffolding for Real-World Codebases	SWE-bench Verified	software_engineering	SWE-Bench-Pro (731 tasks), SWE-Bench-Verified (500 tasks), PyTorch-Bench (custom)
I016	wong2025confucius	Confucius Code Agent: Scalable Agent Scaffolding for Real-World Codebases	SWE-Bench Pro	software_engineering	SWE-Bench-Pro (731 tasks), SWE-Bench-Verified (500 tasks), PyTorch-Bench (custom)
I016	wong2025confucius	Confucius Code Agent: Scalable Agent Scaffolding for Real-World Codebases	PyTorch-Bench	software_engineering	SWE-Bench-Pro (731 tasks), SWE-Bench-Verified (500 tasks), PyTorch-Bench (custom)
I017	zhang2025darwingodel	Darwin Godel Machine: Open-Ended Evolution of Self-Improving Agents	SWE-bench Verified	software_engineering	SWE-bench Verified, Polyglot
I017	zhang2025darwingodel	Darwin Godel Machine: Open-Ended Evolution of Self-Improving Agents	Polyglot/Aider-Polyglot	software_engineering	SWE-bench Verified, Polyglot
I018	lin2025eco	ECO: An LLM-Driven Efficient Code Optimizer for Warehouse Scale Computers	Google production optimization	software_engineering	Google production code-review/deployment pipeline, microbenchmark edits, retrieval-model evaluation, human/automated code review, fleet-wide production profiler
I019	yuksel2025evolattice	EvoLattice: Persistent Internal-Population Evolution through Multi-Alternative Quality-Diversity Graph Representations for LLM-Guided Program Discovery	NAS-Bench-Suite-Zero	code_optimization	NAS-Bench-Suite-Zero Medium proxy-quality benchmark; program-synthesis proxy and optimizer meta-learning tasks
I020	ou2025k3trans	Evolving Triple Knowledge-Augmented LLMs for Code Translation in Repository Context	RustRepoTrans	code_translation	RustRepoTrans repository-level C-to-Rust code translation benchmark
I021	mu2025experepair	EXPEREPAIR: Dual-Memory Enhanced LLM-based Repository-Level Program Repair	SWE-bench Lite	software_engineering	SWE-bench Lite
I022	lindenbauer2025ctimrover	From Knowledge to Noise: CTIM-Rover and the Pitfalls of Episodic Memory in Software Engineering Agents	SWE-bench Verified	software_engineering	SWE-bench Verified (subconjunto: 401 treino, 45 teste)
I023	wu2025gcc	Git Context Controller: Manage the Context of LLM-based Agents like Git	SWE-bench Verified	software_engineering	BrowseComp-Plus (150 instâncias), SWE-Bench Verified (500 instâncias), SWE-Benchlite (300 instâncias)
I023	wu2025gcc	Git Context Controller: Manage the Context of LLM-based Agents like Git	SWE-bench Lite	software_engineering	BrowseComp-Plus (150 instâncias), SWE-Bench Verified (500 instâncias), SWE-Benchlite (300 instâncias)
I023	wu2025gcc	Git Context Controller: Manage the Context of LLM-based Agents like Git	BrowseComp-Plus	web_agent	BrowseComp-Plus (150 instâncias), SWE-Bench Verified (500 instâncias), SWE-Benchlite (300 instâncias)
I024	wang2025huxleygodel	Huxley-Gödel Machine: Human-Level Coding Agent Development by an Approximation of the Optimal Self-Improving Machine	SWE-bench Verified	software_engineering	SWE-bench Verified-60, SWE-bench Lite, Polyglot
I024	wang2025huxleygodel	Huxley-Gödel Machine: Human-Level Coding Agent Development by an Approximation of the Optimal Self-Improving Machine	SWE-bench Lite	software_engineering	SWE-bench Verified-60, SWE-bench Lite, Polyglot
I024	wang2025huxleygodel	Huxley-Gödel Machine: Human-Level Coding Agent Development by an Approximation of the Optimal Self-Improving Machine	Polyglot/Aider-Polyglot	software_engineering	SWE-bench Verified-60, SWE-bench Lite, Polyglot
I025	wang2025repositorymemory	Improving Code Localization with Repository Memory	SWE-bench Verified	software_engineering	SWE-bench-verified (500 exemplos, 12 repositórios), SWE-bench-live (130 exemplos, 62 repositórios)
I025	wang2025repositorymemory	Improving Code Localization with Repository Memory	SWE-bench Live	software_engineering	SWE-bench-verified (500 exemplos, 12 repositórios), SWE-bench-live (130 exemplos, 62 repositórios)
I026	kernelevolve2025	KernelEvolve: Scaling Agentic Kernel Coding for Heterogeneous AI Accelerators at Meta	KernelBench	code_optimization	KernelBench, 160 PyTorch ATen operators across NVIDIA GPUs, AMD GPUs, and MTIA v3, Meta production recommendation-model workloads
I027	yang2025lingxi	Lingxi: Repository-Level Issue Resolution Framework Enhanced by Procedural Knowledge Guided Scaling	SWE-bench Verified	software_engineering	SWE-bench Verified
I030	khan2025macog	Multi-Agent Code-Orchestrated Generation for Reliable Infrastructure-as-Code	IaC-Eval	software_engineering	IaC-Eval
I031	ouyang2025reasoningbank	ReasoningBank: Scaling Agent Self-Evolving with Reasoning Memory	SWE-bench Verified	software_engineering	WebArena, Mind2Web, SWE-bench Verified
I031	ouyang2025reasoningbank	ReasoningBank: Scaling Agent Self-Evolving with Reasoning Memory	WebArena	web_agent	WebArena, Mind2Web, SWE-bench Verified
I031	ouyang2025reasoningbank	ReasoningBank: Scaling Agent Self-Evolving with Reasoning Memory	Mind2Web	web_agent	WebArena, Mind2Web, SWE-bench Verified
I032	guo2025redcodeagent	RedCodeAgent: Automatic Red-teaming Agent against Diverse Code Agents	RedCode-Exec	security_or_ops	RedCode-Exec, RedCode-Gen, RMCbench; 27 risk scenarios and 810 test cases across code agents and languages
I032	guo2025redcodeagent	RedCodeAgent: Automatic Red-teaming Agent against Diverse Code Agents	RedCode-Gen	security_or_ops	RedCode-Exec, RedCode-Gen, RMCbench; 27 risk scenarios and 810 test cases across code agents and languages
I032	guo2025redcodeagent	RedCodeAgent: Automatic Red-teaming Agent against Diverse Code Agents	RMCbench	security_or_ops	RedCode-Exec, RedCode-Gen, RMCbench; 27 risk scenarios and 810 test cases across code agents and languages
I033	wang2025reflectiondriven	Reflection-Driven Control for Trustworthy Code Agents	Secure-code scenarios	security_or_ops	125 secure-code evaluation scenarios across eight classes of security-critical programming tasks
I035	tablan2025smarter	Smarter Together: Creating Agentic Communities of Practice through Shared Experiential Learning	DS-1000	data_science_code	DS-1000 (1000 problemas de data science de StackOverflow: NumPy, Pandas, Matplotlib, SciPy, scikit-learn, PyTorch, TensorFlow)
I037	chen2025sweexp	SWE-Exp: Experience-Driven Software Issue Resolution	SWE-bench Verified	software_engineering	SWE-Bench Verified (500)
I038	feng2025tai3	TAI3: Testing Agent Integrity in Interpreting User Intent	TAI3 toolkit APIs	security_or_ops	80 toolkit APIs, 233 parameters, five domains: Finance, Healthcare, Smart Home, Logistics, and Office
I039	shen2025talm	TALM: Dynamic Tree-Structured Multi-Agent Framework with Long-Term Memory for Scalable Code Generation	HumanEval	code_generation	HumanEval (164), BigCodeBench (1140), ClassEval (100)
I039	shen2025talm	TALM: Dynamic Tree-Structured Multi-Agent Framework with Long-Term Memory for Scalable Code Generation	BigCodeBench	code_generation	HumanEval (164), BigCodeBench (1140), ClassEval (100)
I039	shen2025talm	TALM: Dynamic Tree-Structured Multi-Agent Framework with Long-Term Memory for Scalable Code Generation	ClassEval	code_generation	HumanEval (164), BigCodeBench (1140), ClassEval (100)
I040	zhou2025tomswe	TOM-SWE: User Mental Modeling For Software Engineering Agents	Ambiguous SWE-bench	software_engineering	Ambiguous SWE-bench (500 instâncias), Stateful SWE benchmark (500 instâncias, custom com 15 perfis de desenvolvedor), In-the-wild human study (209 sessões, 174 sugestões ToM, 17 desenvolvedores profissionais, 3 semanas)
I040	zhou2025tomswe	TOM-SWE: User Mental Modeling For Software Engineering Agents	Stateful SWE	software_engineering	Ambiguous SWE-bench (500 instâncias), Stateful SWE benchmark (500 instâncias, custom com 15 perfis de desenvolvedor), In-the-wild human study (209 sessões, 174 sugestões ToM, 17 desenvolvedores profissionais, 3 semanas)
I041	cao2025hxagent	Toward Generation of Test Cases from Task Descriptions via History-aware Planning	MiniWoB++	web_agent	MiniWoB++ shared tasks, 125 challenging MiniWoB++ task instances, and 350 real-world web-application task instances
I042	hosain2025xolver	Xolver: Multi-Agent Reasoning with Holistic Experience Learning Just Like an Olympiad Team	LiveCodeBench	code_generation	GSM8K, AIME 2024 (30 problemas), AIME 2025 (30 problemas), Math-500, LiveCodeBench v5
I042	hosain2025xolver	Xolver: Multi-Agent Reasoning with Holistic Experience Learning Just Like an Olympiad Team	GSM8K	general_reasoning	GSM8K, AIME 2024 (30 problemas), AIME 2025 (30 problemas), Math-500, LiveCodeBench v5
I042	hosain2025xolver	Xolver: Multi-Agent Reasoning with Holistic Experience Learning Just Like an Olympiad Team	AIME	general_reasoning	GSM8K, AIME 2024 (30 problemas), AIME 2025 (30 problemas), Math-500, LiveCodeBench v5
I042	hosain2025xolver	Xolver: Multi-Agent Reasoning with Holistic Experience Learning Just Like an Olympiad Team	MATH/MATH500	general_reasoning	GSM8K, AIME 2024 (30 problemas), AIME 2025 (30 problemas), Math-500, LiveCodeBench v5
I043	du2026adaexplore	AdaExplore: Failure-Driven Adaptation and Diversity-Preserving Search for Efficient Kernel Generation	KernelBench	code_optimization	KernelBench Level-2 and Level-3, FlashInfer-Bench, TritonBench-T transfer checks
I043	du2026adaexplore	AdaExplore: Failure-Driven Adaptation and Diversity-Preserving Search for Efficient Kernel Generation	FlashInfer-Bench	code_optimization	KernelBench Level-2 and Level-3, FlashInfer-Bench, TritonBench-T transfer checks
I043	du2026adaexplore	AdaExplore: Failure-Driven Adaptation and Diversity-Preserving Search for Efficient Kernel Generation	TritonBench-T	code_optimization	KernelBench Level-2 and Level-3, FlashInfer-Bench, TritonBench-T transfer checks
I044	zhang2026agentdevel	AgentDevel: Reframing Self-Evolving LLM Agents as Release Engineering	SWE-bench Verified	software_engineering	SWE-bench Lite, SWE-bench Verified, WebArena, StableToolBench
I044	zhang2026agentdevel	AgentDevel: Reframing Self-Evolving LLM Agents as Release Engineering	SWE-bench Lite	software_engineering	SWE-bench Lite, SWE-bench Verified, WebArena, StableToolBench
I044	zhang2026agentdevel	AgentDevel: Reframing Self-Evolving LLM Agents as Release Engineering	StableToolBench	general_agent	SWE-bench Lite, SWE-bench Verified, WebArena, StableToolBench
I044	zhang2026agentdevel	AgentDevel: Reframing Self-Evolving LLM Agents as Release Engineering	WebArena	web_agent	SWE-bench Lite, SWE-bench Verified, WebArena, StableToolBench
I045	tan2026agentga	AgentGA: Evolving Code Solutions in Agent-Seed Space	Weco-Kaggle Lite	data_science_code	10 of 16 Weco-Kaggle Lite tabular AutoML competitions, Kaggle private leaderboard submissions, 1,135 parent-child tournaments
I046	banerjee2026apexem	APEX-EM: Non-Parametric Online Learning for Autonomous Agents via Structured Procedural-Episodic Experience Replay	BigCodeBench	code_generation	BigCodeBench, KGQAGen-10k, Humanity's Last Exam; planned/comparative MemRL benchmarks include Lifelong Agent Bench and ALFWorld
I046	banerjee2026apexem	APEX-EM: Non-Parametric Online Learning for Autonomous Agents via Structured Procedural-Episodic Experience Replay	ALFWorld	web_agent	BigCodeBench, KGQAGen-10k, Humanity's Last Exam; planned/comparative MemRL benchmarks include Lifelong Agent Bench and ALFWorld
I046	banerjee2026apexem	APEX-EM: Non-Parametric Online Learning for Autonomous Agents via Structured Procedural-Episodic Experience Replay	Humanity's Last Exam	general_reasoning	BigCodeBench, KGQAGen-10k, Humanity's Last Exam; planned/comparative MemRL benchmarks include Lifelong Agent Bench and ALFWorld
I046	banerjee2026apexem	APEX-EM: Non-Parametric Online Learning for Autonomous Agents via Structured Procedural-Episodic Experience Replay	KGQAGen-10k	general_reasoning	BigCodeBench, KGQAGen-10k, Humanity's Last Exam; planned/comparative MemRL benchmarks include Lifelong Agent Bench and ALFWorld
I046	banerjee2026apexem	APEX-EM: Non-Parametric Online Learning for Autonomous Agents via Structured Procedural-Episodic Experience Replay	Lifelong Agent Bench	general_agent	BigCodeBench, KGQAGen-10k, Humanity's Last Exam; planned/comparative MemRL benchmarks include Lifelong Agent Bench and ALFWorld
I047	xiang2026beam	BEAM: Bi-level Memory-adaptive Algorithmic Evolution for LLM-Powered Heuristic Design	Heuristic-design benchmarks	code_optimization	TSP, BPP, CAF, MIS, CVRP, BBOB, PMSP and related heuristic-design benchmarks
I048	bai2026patchadvisor	Beyond Crash-to-Patch: Patch Evolution for Linux Kernel Repair	syzbot/Linux kernel repair	software_engineering	6,946 syzbot-linked Linux kernel bug-fix lifecycles, 100 temporally held-out crash cases for diagnostic evaluation, and six recent syzbot bugs for end-to-end repair
I049	he2026coredteam	Co-RedTeam: Orchestrated Security Discovery and Exploitation with LLM Agents	CyberGym	security_or_ops	CyBench, BountyBench, CyberGym
I049	he2026coredteam	Co-RedTeam: Orchestrated Security Discovery and Exploitation with LLM Agents	CyBench	security_or_ops	CyBench, BountyBench, CyberGym
I049	he2026coredteam	Co-RedTeam: Orchestrated Security Discovery and Exploitation with LLM Agents	BountyBench	security_or_ops	CyBench, BountyBench, CyberGym
I050	vogel2026codebasememory	Codebase-Memory: Tree-Sitter-Based Knowledge Graphs for LLM Code Exploration via MCP	Codebase-Memory repo QA	software_engineering	31 real-world repositories across 31 languages; 12 structural code-question categories; system performance benchmarks on Apple M3 Pro
I051	zhang2026coevoskills	CoEvoSkills: Self-Evolving Agent Skills via Co-Evolutionary Verification	SkillsBench	general_agent	SkillsBench: 87 tasks across roughly 20 professional domains and 11 reported domain groups
I052	muhtar2026complementaryrl	Complementary Reinforcement Learning	SWE-bench Verified	software_engineering	MiniHack Room, WebShop, ALFWorld, SWE-Bench Verified, multi-task mixtures
I052	muhtar2026complementaryrl	Complementary Reinforcement Learning	WebShop	web_agent	MiniHack Room, WebShop, ALFWorld, SWE-Bench Verified, multi-task mixtures
I052	muhtar2026complementaryrl	Complementary Reinforcement Learning	ALFWorld	web_agent	MiniHack Room, WebShop, ALFWorld, SWE-Bench Verified, multi-task mixtures
I052	muhtar2026complementaryrl	Complementary Reinforcement Learning	MiniHack	web_agent	MiniHack Room, WebShop, ALFWorld, SWE-Bench Verified, multi-task mixtures
I053	hu2026cse	Controlled Self-Evolution for Algorithmic Code Optimization	EffiBench-X	code_optimization	EffiBench-X with 623 algorithmic problems in Python and C++
I054	qu2026coral	CORAL: Towards Autonomous Multi-Agent Evolution for Open-Ended Discovery	CORAL optimization task suite	code_optimization	Six mathematical optimization tasks, five systems optimization tasks, Anthropic kernel engineering, Polyominoes packing, VLIW SIMD tree traversal, and related stress-test optimization tasks
I055	jiang2026darwin	DARWIN: Dynamic Agentically Rewriting Self-Improving Network	nanoGPT Shakespeare	code_generation	nanoGPT on a Shakespeare prose dataset
I056	shen2026decocted	Decocted Experience Improves Test-Time Inference in LLM Agents	SWE-bench Verified	software_engineering	Math reasoning benchmarks, WebShop, SWE-bench full training set excluding SWE-bench Verified, and SWE-bench Verified
I056	shen2026decocted	Decocted Experience Improves Test-Time Inference in LLM Agents	SWE-bench full training set	software_engineering	Math reasoning benchmarks, WebShop, SWE-bench full training set excluding SWE-bench Verified, and SWE-bench Verified
I056	shen2026decocted	Decocted Experience Improves Test-Time Inference in LLM Agents	WebShop	web_agent	Math reasoning benchmarks, WebShop, SWE-bench full training set excluding SWE-bench Verified, and SWE-bench Verified
I056	shen2026decocted	Decocted Experience Improves Test-Time Inference in LLM Agents	MATH/MATH500	general_reasoning	Math reasoning benchmarks, WebShop, SWE-bench full training set excluding SWE-bench Verified, and SWE-bench Verified
I057	zhang2026docksmith	DockSmith: Scaling Reliable Coding Environments via an Agentic Docker Builder	SWE-bench Verified	software_engineering	Multi-Docker-Eval, SWE-bench Verified, SWE-bench Multilingual, Terminal-Bench 2.0
I057	zhang2026docksmith	DockSmith: Scaling Reliable Coding Environments via an Agentic Docker Builder	SWE-bench Multilingual	software_engineering	Multi-Docker-Eval, SWE-bench Verified, SWE-bench Multilingual, Terminal-Bench 2.0
I057	zhang2026docksmith	DockSmith: Scaling Reliable Coding Environments via an Agentic Docker Builder	Multi-Docker-Eval	software_engineering	Multi-Docker-Eval, SWE-bench Verified, SWE-bench Multilingual, Terminal-Bench 2.0
I057	zhang2026docksmith	DockSmith: Scaling Reliable Coding Environments via an Agentic Docker Builder	Terminal-Bench	software_engineering	Multi-Docker-Eval, SWE-bench Verified, SWE-bench Multilingual, Terminal-Bench 2.0
I058	wang2026domagent	DomAgent: Leveraging Knowledge Graphs and Case-Based Reasoning for Domain-Specific Code Generation	DS-1000	data_science_code	DS-1000 and Truck CAN Signal code generation dataset with 776 CAN-signal tasks across six domains
I058	wang2026domagent	DomAgent: Leveraging Knowledge Graphs and Case-Based Reasoning for Domain-Specific Code Generation	Truck CAN Signal	data_science_code	DS-1000 and Truck CAN Signal code generation dataset with 776 CAN-signal tasks across six domains
I059	guo2026eet	EET: Experience-Driven Early Termination for Cost-Efficient Software Engineering Agents	SWE-bench Verified	software_engineering	SWE-bench Verified (500 tarefas; 207 de SWE-bench Lite para geração de experiência)
I059	guo2026eet	EET: Experience-Driven Early Termination for Cost-Efficient Software Engineering Agents	SWE-bench Lite	software_engineering	SWE-bench Verified (500 tarefas; 207 de SWE-bench Lite para geração de experiência)
I060	wang2026effiskill	EffiSkill: Agent Skill Based Automated Code Efficiency Optimization	EffiBench-X	code_optimization	EffiBench-X Python and C++ subsets from 623 optimization tasks
I061	ma2026failuremem	FailureMem: A Failure-Aware Multimodal Framework for Autonomous Software Repair	SWE-bench Multimodal	software_engineering	SWE-bench Multimodal with 617 GitHub issues across 17 JavaScript repositories; development split used to build the memory bank
I062	weng2026groupevolving	Group-Evolving Agents: Open-Ended Self-Improvement via Experience Sharing	SWE-bench Verified-Mini	software_engineering	SWE-bench Verified, SWE-bench Verified-Mini, Polyglot, 10-task sanity checks
I062	weng2026groupevolving	Group-Evolving Agents: Open-Ended Self-Improvement via Experience Sharing	SWE-bench Verified	software_engineering	SWE-bench Verified, SWE-bench Verified-Mini, Polyglot, 10-task sanity checks
I062	weng2026groupevolving	Group-Evolving Agents: Open-Ended Self-Improvement via Experience Sharing	Polyglot/Aider-Polyglot	software_engineering	SWE-bench Verified, SWE-bench Verified-Mini, Polyglot, 10-task sanity checks
I063	nadafian2026kapso	KAPSO: A Knowledge-grounded framework for Autonomous Program Synthesis and Optimization	MLE-Bench	research_engineering	MLE-Bench (Kaggle-style ML competitions), ALE-Bench (AtCoder heuristic contests, C++)
I063	nadafian2026kapso	KAPSO: A Knowledge-grounded framework for Autonomous Program Synthesis and Optimization	ALE-Bench	code_optimization	MLE-Bench (Kaggle-style ML competitions), ALE-Bench (AtCoder heuristic contests, C++)
I064	dong2026kernelblaster	KernelBlaster: Continual Cross-Task CUDA Optimization via Memory-Augmented In-Context Reinforcement Learning	KernelBench	code_optimization	KernelBench Level 1, Level 2, Level 3 (NVIDIA A6000, H100, L40S GPUs)
I065	sun2026kernelskill	KernelSkill: A Multi-Agent Framework for GPU Kernel Optimization	KernelBench	code_optimization	KernelBench Levels 1-3 with 250 tasks; NVIDIA A100 80GB; CUDA 12.4; cuDNN 9.1.0; cuBLAS 12.9
I066	zhao2026phyloevolve	Large Language Model-Powered Evolutionary Code Optimization on a Phylogenetic Tree	Scientific-code optimization workloads	code_optimization	Landau-Lifshitz-Gilbert equation solver, Local Tangent Space Alignment manifold learning, GraphWave spectral graph embedding; NVIDIA A40 workstation with Docker CUDA execution
I067	fu2026latentmem	LatentMem: Customizing Latent Memory for Multi-Agent Systems	BigCodeBench	code_generation	TriviaQA, KodCode, StrategyQA, PopQA, BigCodeBench, PDDL across AutoGen, MacNet, CAMEL, and DyLAN multi-agent frameworks
I067	fu2026latentmem	LatentMem: Customizing Latent Memory for Multi-Agent Systems	TriviaQA	general_reasoning	TriviaQA, KodCode, StrategyQA, PopQA, BigCodeBench, PDDL across AutoGen, MacNet, CAMEL, and DyLAN multi-agent frameworks
I067	fu2026latentmem	LatentMem: Customizing Latent Memory for Multi-Agent Systems	StrategyQA	general_reasoning	TriviaQA, KodCode, StrategyQA, PopQA, BigCodeBench, PDDL across AutoGen, MacNet, CAMEL, and DyLAN multi-agent frameworks
I067	fu2026latentmem	LatentMem: Customizing Latent Memory for Multi-Agent Systems	PopQA	general_reasoning	TriviaQA, KodCode, StrategyQA, PopQA, BigCodeBench, PDDL across AutoGen, MacNet, CAMEL, and DyLAN multi-agent frameworks
I067	fu2026latentmem	LatentMem: Customizing Latent Memory for Multi-Agent Systems	PDDL	planning	TriviaQA, KodCode, StrategyQA, PopQA, BigCodeBench, PDDL across AutoGen, MacNet, CAMEL, and DyLAN multi-agent frameworks
I067	fu2026latentmem	LatentMem: Customizing Latent Memory for Multi-Agent Systems	KodCode	code_generation	TriviaQA, KodCode, StrategyQA, PopQA, BigCodeBench, PDDL across AutoGen, MacNet, CAMEL, and DyLAN multi-agent frameworks
I068	li2026learningcommit	Learning to Commit: Generating Organic Pull Requests via Online Repository Memory	Internal RL repository	software_engineering	Internal expert-maintained reinforcement-learning training repository with 2,738 non-merge commits filtered to 386 substantive commits; 24 historical learning commits and 7 future held-out test tasks
I069	li2026memcoder	MEMCoder: Multi-dimensional Evolving Memory for Private-Library-Oriented Code Generation	NdonnxEval	code_generation	NdonnxEval and NumbaEval private-library code-generation benchmarks
I069	li2026memcoder	MEMCoder: Multi-dimensional Evolving Memory for Private-Library-Oriented Code Generation	NumbaEval	code_generation	NdonnxEval and NumbaEval private-library code-generation benchmarks
I070	chang2026memcollab	MemCollab: Cross-Agent Memory Collaboration via Contrastive Trajectory Distillation	HumanEval	code_generation	MATH500, GSM8K, MBPP, HumanEval
I070	chang2026memcollab	MemCollab: Cross-Agent Memory Collaboration via Contrastive Trajectory Distillation	MBPP	code_generation	MATH500, GSM8K, MBPP, HumanEval
I070	chang2026memcollab	MemCollab: Cross-Agent Memory Collaboration via Contrastive Trajectory Distillation	GSM8K	general_reasoning	MATH500, GSM8K, MBPP, HumanEval
I070	chang2026memcollab	MemCollab: Cross-Agent Memory Collaboration via Contrastive Trajectory Distillation	MATH/MATH500	general_reasoning	MATH500, GSM8K, MBPP, HumanEval
I071	wang2026memgovern	MemGovern: Enhancing Code Agents through Learning from Governed Human Experiences	SWE-bench Verified	software_engineering	SWE-bench Verified (500)
I073	kim2026memorytransfer	Memory Transfer Learning: How Memories are Transferred Across Domains in Coding Agents	SWE-bench Verified	software_engineering	LiveCodeBenchv6, Aider-Polyglot, SWE-Bench Verified, TerminalBench2, ReplicationBench, MLGym-Bench
I073	kim2026memorytransfer	Memory Transfer Learning: How Memories are Transferred Across Domains in Coding Agents	LiveCodeBench	code_generation	LiveCodeBenchv6, Aider-Polyglot, SWE-Bench Verified, TerminalBench2, ReplicationBench, MLGym-Bench
I073	kim2026memorytransfer	Memory Transfer Learning: How Memories are Transferred Across Domains in Coding Agents	Polyglot/Aider-Polyglot	software_engineering	LiveCodeBenchv6, Aider-Polyglot, SWE-Bench Verified, TerminalBench2, ReplicationBench, MLGym-Bench
I073	kim2026memorytransfer	Memory Transfer Learning: How Memories are Transferred Across Domains in Coding Agents	Terminal-Bench	software_engineering	LiveCodeBenchv6, Aider-Polyglot, SWE-Bench Verified, TerminalBench2, ReplicationBench, MLGym-Bench
I073	kim2026memorytransfer	Memory Transfer Learning: How Memories are Transferred Across Domains in Coding Agents	ReplicationBench	software_engineering	LiveCodeBenchv6, Aider-Polyglot, SWE-Bench Verified, TerminalBench2, ReplicationBench, MLGym-Bench
I073	kim2026memorytransfer	Memory Transfer Learning: How Memories are Transferred Across Domains in Coding Agents	MLGym-Bench	research_engineering	LiveCodeBenchv6, Aider-Polyglot, SWE-Bench Verified, TerminalBench2, ReplicationBench, MLGym-Bench
I074	feng2026odel	ODEL: An Experience-Augmented Self-Evolving Framework for Efficient Python-to-C++ Code Translation	HumanEval-X	code_generation	HumanEval-X Python-to-C++ translation tasks with 164 programming problems
I076	jiang2026opengame	OpenGame: Open Agentic Coding for Games	OpenGame-Bench	software_engineering	OpenGame-Bench with 150 natural-language web-game prompts across platformers, top-down shooters, puzzle games, arcade classics, and strategy
I077	li2026opensage	OpenSage: Self-programming Agent Generation Engine	SWE-Bench Pro	software_engineering	CyberGym, Terminal-Bench 2.0, SWE-Bench Pro Python, DevOps-Gym, LOCOMO appendix
I077	li2026opensage	OpenSage: Self-programming Agent Generation Engine	Terminal-Bench	software_engineering	CyberGym, Terminal-Bench 2.0, SWE-Bench Pro Python, DevOps-Gym, LOCOMO appendix
I077	li2026opensage	OpenSage: Self-programming Agent Generation Engine	CyberGym	security_or_ops	CyberGym, Terminal-Bench 2.0, SWE-Bench Pro Python, DevOps-Gym, LOCOMO appendix
I077	li2026opensage	OpenSage: Self-programming Agent Generation Engine	DevOps-Gym	security_or_ops	CyberGym, Terminal-Bench 2.0, SWE-Bench Pro Python, DevOps-Gym, LOCOMO appendix
I077	li2026opensage	OpenSage: Self-programming Agent Generation Engine	LoCoMo	retrieval_memory	CyberGym, Terminal-Bench 2.0, SWE-Bench Pro Python, DevOps-Gym, LOCOMO appendix
I078	li2026ocrd	Outcome-Conditioned Reasoning Distillation for Resolving Software Issues	SWE-bench Lite	software_engineering	SWE-Bench Lite with 300 real GitHub issues from 13 repositories
I079	wu2026reasoningmemory	Procedural Knowledge at Scale Improves Reasoning	LiveCodeBench	code_generation	AIME 2024, AIME 2025, MATH500, GPQA-Diamond, LiveCodeBench V1-4, LiveCodeBench V5-6
I079	wu2026reasoningmemory	Procedural Knowledge at Scale Improves Reasoning	GPQA	general_reasoning	AIME 2024, AIME 2025, MATH500, GPQA-Diamond, LiveCodeBench V1-4, LiveCodeBench V5-6
I079	wu2026reasoningmemory	Procedural Knowledge at Scale Improves Reasoning	AIME	general_reasoning	AIME 2024, AIME 2025, MATH500, GPQA-Diamond, LiveCodeBench V1-4, LiveCodeBench V5-6
I079	wu2026reasoningmemory	Procedural Knowledge at Scale Improves Reasoning	MATH/MATH500	general_reasoning	AIME 2024, AIME 2025, MATH500, GPQA-Diamond, LiveCodeBench V1-4, LiveCodeBench V5-6
I080	hao2026recreate	ReCreate: Reasoning and Creating Domain Agents Driven by Experience	SWE-bench Verified	software_engineering	SWE-Bench Verified Django and SymPy subsets, DA-Code data wrangling, DA-Code machine learning, DA-Code statistical analysis, DS-1000 NumPy, DS-1000 Pandas, DS-1000 Matplotlib, MATH Algebra, MATH Number Theory, MATH Counting and Probability, AppWorld Normal, AppWorld Challenge
I080	hao2026recreate	ReCreate: Reasoning and Creating Domain Agents Driven by Experience	DS-1000	data_science_code	SWE-Bench Verified Django and SymPy subsets, DA-Code data wrangling, DA-Code machine learning, DA-Code statistical analysis, DS-1000 NumPy, DS-1000 Pandas, DS-1000 Matplotlib, MATH Algebra, MATH Number Theory, MATH Counting and Probability, AppWorld Normal, AppWorld Challenge
I080	hao2026recreate	ReCreate: Reasoning and Creating Domain Agents Driven by Experience	DA-Code	data_science_code	SWE-Bench Verified Django and SymPy subsets, DA-Code data wrangling, DA-Code machine learning, DA-Code statistical analysis, DS-1000 NumPy, DS-1000 Pandas, DS-1000 Matplotlib, MATH Algebra, MATH Number Theory, MATH Counting and Probability, AppWorld Normal, AppWorld Challenge
I080	hao2026recreate	ReCreate: Reasoning and Creating Domain Agents Driven by Experience	AppWorld	web_agent	SWE-Bench Verified Django and SymPy subsets, DA-Code data wrangling, DA-Code machine learning, DA-Code statistical analysis, DS-1000 NumPy, DS-1000 Pandas, DS-1000 Matplotlib, MATH Algebra, MATH Number Theory, MATH Counting and Probability, AppWorld Normal, AppWorld Challenge
I080	hao2026recreate	ReCreate: Reasoning and Creating Domain Agents Driven by Experience	MATH/MATH500	general_reasoning	SWE-Bench Verified Django and SymPy subsets, DA-Code data wrangling, DA-Code machine learning, DA-Code statistical analysis, DS-1000 NumPy, DS-1000 Pandas, DS-1000 Matplotlib, MATH Algebra, MATH Number Theory, MATH Counting and Probability, AppWorld Normal, AppWorld Challenge
I081	gangireddi2026revere	REVERE: Reflective Evolving Research Engineer for Scientific Workflows	SUPER	research_engineering	SUPER Expert with 45 tasks, ResearchCodeBench with 212 tasks, ScienceAgentBench with 102 tasks
I081	gangireddi2026revere	REVERE: Reflective Evolving Research Engineer for Scientific Workflows	ResearchCodeBench	research_engineering	SUPER Expert with 45 tasks, ResearchCodeBench with 212 tasks, ScienceAgentBench with 102 tasks
I081	gangireddi2026revere	REVERE: Reflective Evolving Research Engineer for Scientific Workflows	ScienceAgentBench	research_engineering	SUPER Expert with 45 tasks, ResearchCodeBench with 212 tasks, ScienceAgentBench with 102 tasks
I082	singh2026ruleflow	RuleFlow: Generating Reusable Program Optimizations with LLMs	PandasBench	data_science_code	PandasBench with 102 real-world Python notebooks using the Pandas API
I083	wu2026llmamem	Scaling Teams or Scaling Time? Memory Enabled Lifelong Learning in LLM Multi-Agent Systems	MultiAgentBench	multi_agent	MultiAgentBench collaborative coding, research, and database environments with 100 tasks per environment
I085	banerjee2026severa	SEVerA: Verified Self-Evolving Agents	HumanEvalDafny	code_generation	HumanEvalDafny, DafnyBench, GSM-Symbolic, tau2-bench airline, tau2-bench retail
I085	banerjee2026severa	SEVerA: Verified Self-Evolving Agents	DafnyBench	formal_methods	HumanEvalDafny, DafnyBench, GSM-Symbolic, tau2-bench airline, tau2-bench retail
I085	banerjee2026severa	SEVerA: Verified Self-Evolving Agents	GSM-Symbolic	general_reasoning	HumanEvalDafny, DafnyBench, GSM-Symbolic, tau2-bench airline, tau2-bench retail
I085	banerjee2026severa	SEVerA: Verified Self-Evolving Agents	tau2-bench	general_agent	HumanEvalDafny, DafnyBench, GSM-Symbolic, tau2-bench airline, tau2-bench retail
I086	fahim2026selfevolve	Software Self-Extension with SelfEvolve: an Agentic Architecture for Runtime Code Generation	SelfEvolve self-extension tasks	software_engineering	11 manually created software self-extension tasks across integration, compositional, and data-processing categories, each run five times.
I087	shen2026structurally	Structurally Aligned Subtask-Level Memory for Software Engineering Agents	SWE-bench Verified	software_engineering	SWE-bench Verified (500)
I088	bhardwaj2026superlocalmemory	SuperLocalMemory V3.3: The Living Brain -- Biologically-Inspired Forgetting, Cognitive Quantization, and Multi-Channel Retrieval for Zero-LLM Agent Memory Systems	FRQAD	retrieval_memory	FRQAD retrieval evaluation, LoCoMo Mode A and Mode C memory benchmark, system/package benchmarks
I088	bhardwaj2026superlocalmemory	SuperLocalMemory V3.3: The Living Brain -- Biologically-Inspired Forgetting, Cognitive Quantization, and Multi-Channel Retrieval for Zero-LLM Agent Memory Systems	LoCoMo	retrieval_memory	FRQAD retrieval evaluation, LoCoMo Mode A and Mode C memory benchmark, system/package benchmarks
I090	zhang2026textbfgs	TextBFGS: A Case-Based Reasoning Approach to Code Optimization via Error-Operator Retrieval	HumanEval-Hard	code_generation	HumanEval-Hard and MBPP-Hard filtered coding-optimization tasks
I090	zhang2026textbfgs	TextBFGS: A Case-Based Reasoning Approach to Code Optimization via Error-Operator Retrieval	MBPP-Hard	code_generation	HumanEval-Hard and MBPP-Hard filtered coding-optimization tasks
I091	chen2026aiscientist	Toward Autonomous Long-Horizon Engineering for ML Research	PaperBench	research_engineering	PaperBench and MLE-Bench Lite
I091	chen2026aiscientist	Toward Autonomous Long-Horizon Engineering for ML Research	MLE-Bench	research_engineering	PaperBench and MLE-Bench Lite
I092	li2026traversalaspolicy	Traversal-as-Policy: Log-Distilled Gated Behavior Trees as Externalized, Verifiable Policies for Safe, Robust, and Efficient Agents	SWE-bench Verified	software_engineering	SWE-bench Verified (500), WebArena (812), GPQA (448), AgentSafetyBench, AgentHarm (public), Agent Security Bench (ASB)
I092	li2026traversalaspolicy	Traversal-as-Policy: Log-Distilled Gated Behavior Trees as Externalized, Verifiable Policies for Safe, Robust, and Efficient Agents	WebArena	web_agent	SWE-bench Verified (500), WebArena (812), GPQA (448), AgentSafetyBench, AgentHarm (public), Agent Security Bench (ASB)
I092	li2026traversalaspolicy	Traversal-as-Policy: Log-Distilled Gated Behavior Trees as Externalized, Verifiable Policies for Safe, Robust, and Efficient Agents	GPQA	general_reasoning	SWE-bench Verified (500), WebArena (812), GPQA (448), AgentSafetyBench, AgentHarm (public), Agent Security Bench (ASB)
I092	li2026traversalaspolicy	Traversal-as-Policy: Log-Distilled Gated Behavior Trees as Externalized, Verifiable Policies for Safe, Robust, and Efficient Agents	AgentSafetyBench	security_or_ops	SWE-bench Verified (500), WebArena (812), GPQA (448), AgentSafetyBench, AgentHarm (public), Agent Security Bench (ASB)
I092	li2026traversalaspolicy	Traversal-as-Policy: Log-Distilled Gated Behavior Trees as Externalized, Verifiable Policies for Safe, Robust, and Efficient Agents	AgentHarm	security_or_ops	SWE-bench Verified (500), WebArena (812), GPQA (448), AgentSafetyBench, AgentHarm (public), Agent Security Bench (ASB)
I092	li2026traversalaspolicy	Traversal-as-Policy: Log-Distilled Gated Behavior Trees as Externalized, Verifiable Policies for Safe, Robust, and Efficient Agents	Agent Security Bench	security_or_ops	SWE-bench Verified (500), WebArena (812), GPQA (448), AgentSafetyBench, AgentHarm (public), Agent Security Bench (ASB)
I093	yan2026slump	When the Specification Emerges: Benchmarking Faithfulness Loss in Long-Horizon Coding Agents	SLUMP	software_engineering	SLUMP benchmark built from 20 ML papers, 371 components, and approximately 60 coding requests per paper
I094	deng2026memcoder	Your Code Agent Can Grow Alongside You with Structured Memory	SWE-bench Verified	software_engineering	SWE-bench Verified (500)
I095	gangireddi2026sare	Self-Adapting Agents for Automating Research Coding Workflows	SUPER	research_engineering	SUPER, ResearchCodeBench, ScienceAgentBench
I095	gangireddi2026sare	Self-Adapting Agents for Automating Research Coding Workflows	ResearchCodeBench	research_engineering	SUPER, ResearchCodeBench, ScienceAgentBench
I095	gangireddi2026sare	Self-Adapting Agents for Automating Research Coding Workflows	ScienceAgentBench	research_engineering	SUPER, ResearchCodeBench, ScienceAgentBench
